experiment_id,experiment_name,epochs,method_id,seed_scope,seed_count,row_type,validation_opt_epoch,validation_accuracy_all,validation_macro_accuracy,validation_ks_accuracy,validation_si_accuracy,validation_er_accuracy,test_opt_accuracy_all,test_opt_macro_accuracy,test_ks_accuracy,test_si_accuracy,test_er_accuracy,validation_macro_sd,test_macro_sd,stable_runs,total_runs,instability_rate,stability_status,evidence_strength,current_decision,source_json
1,Shared activation screening,30,matrix_activation_none,single_run_unverified,1,single_run,30,0.971378,0.917552,0.982054,0.974942,0.795660,0.973464,0.913259,0.985955,0.976245,0.777577,,,1,1,0.000000,single_run_stable,low,Best activation screening result; keep no activation,improvements/clustering/logs/epoch30/1_activation/activation_results_summary.json
1,Shared activation screening,30,matrix_activation_gelu,single_run_unverified,1,single_run,30,0.965556,0.916859,0.979700,0.964368,0.806510,0.970650,0.913160,0.985808,0.970670,0.783002,,,1,1,0.000000,single_run_stable,low,Near none on macro but lower weighted validation accuracy,improvements/clustering/logs/epoch30/1_activation/activation_results_summary.json
1,Shared activation screening,30,matrix_activation_relu,single_run_unverified,1,single_run,25,0.956577,0.909012,0.978964,0.946987,0.801085,0.959205,0.906391,0.984053,0.950309,0.784810,,,1,1,0.000000,single_run_stable,low,Reject; weakest activation result,improvements/clustering/logs/epoch30/1_activation/activation_results_summary.json
2,Fixed row-assignment development,30,matrix_level_hard,42,1,single_run,30,0.971378,0.917552,0.982054,0.974942,0.795660,0.973464,0.913259,0.985955,0.976245,0.777577,,,1,1,0.000000,single_seed_stable,low,Best Experiment 2 validation result; matrix reference,improvements/clustering/logs/epoch30/2_row_assignment/comprehensive_epoch30_summary.json
2,Fixed row-assignment development,30,row_fixed_warmup3_hard_all,42,1,single_run,30,0.970887,0.915008,0.984407,0.972190,0.788427,0.970842,0.901480,0.985955,0.973458,0.745027,,,1,1,0.000000,single_seed_stable,low,Functional but below matrix reference,improvements/clustering/logs/epoch30/2_row_assignment/comprehensive_epoch30_summary.json
2,Fixed row-assignment development,30,row_fixed_warmup5_hard_all,42,1,single_run,30,0.969414,0.907883,0.982054,0.973059,0.768535,0.972760,0.908332,0.986247,0.975639,0.763110,,,1,1,0.000000,single_seed_stable,low,Reject; extra warm-up stability did not improve validation,improvements/clustering/logs/epoch30/2_row_assignment/comprehensive_epoch30_summary.json
3,Adaptive row-level task sharing,30,adaptive_all_rows_hard,42,1,per_seed,29,0.972711,0.919029,0.983230,0.976390,0.797468,0.975510,0.914594,0.986686,0.979518,0.777577,,,1,1,0.000000,stable,paired_seed_component,Stable and stronger than gated for seed 42,improvements/clustering/logs/epoch30/3_adaptive_row_sharing/adaptive_row_sharing_30_epoch_analysis.json
3,Adaptive row-level task sharing,30,adaptive_all_rows_hard,43,1,per_seed,29,0.970116,0.915025,0.983230,0.971611,0.790235,0.973720,0.911188,0.986247,0.976972,0.770344,,,1,1,0.000000,stable,paired_seed_component,Stable and stronger than gated for seed 43,improvements/clustering/logs/epoch30/3_adaptive_row_sharing/adaptive_row_sharing_30_epoch_analysis.json
3,Adaptive row-level task sharing,30,adaptive_all_rows_hard,44,1,per_seed,29,0.971870,0.915132,0.984996,0.973783,0.786618,0.973400,0.913277,0.986979,0.975276,0.777577,,,1,1,0.000000,stable,paired_seed_component,Stable and stronger than gated for seed 44,improvements/clustering/logs/epoch30/3_adaptive_row_sharing/adaptive_row_sharing_30_epoch_analysis.json
3,Adaptive row-level task sharing,30,adaptive_all_rows_hard,"42|43|44",3,aggregate,,0.971566,0.916395,0.983819,0.973928,0.791440,0.974210,0.913020,0.986637,0.977255,0.775166,0.002281,0.001718,3,3,0.000000,multi_seed_stable,high,Strong reliability baseline; near-tied current finalist,improvements/clustering/logs/epoch30/3_adaptive_row_sharing/adaptive_row_sharing_30_epoch_analysis.json
3,Adaptive row-level task sharing,30,adaptive_gated_hard_0p10,42,1,per_seed,30,0.971168,0.916857,0.982936,0.973783,0.793852,0.973016,0.911860,0.986101,0.975518,0.773960,,,1,1,0.000000,stable_this_seed,paired_seed_component,Competitive only for seed 42,improvements/clustering/logs/epoch30/3_adaptive_row_sharing/adaptive_row_sharing_30_epoch_analysis.json
3,Adaptive row-level task sharing,30,adaptive_gated_hard_0p10,43,1,per_seed,13,0.961557,0.900266,0.983819,0.955678,0.761302,0.959972,0.891271,0.986540,0.953097,0.734177,,,0,1,1.000000,late_loss_spike_epoch22,paired_seed_component,Reject this seed due instability and degraded SI/ER,improvements/clustering/logs/epoch30/3_adaptive_row_sharing/adaptive_row_sharing_30_epoch_analysis.json
3,Adaptive row-level task sharing,30,adaptive_gated_hard_0p10,44,1,per_seed,13,0.960014,0.905845,0.981318,0.953216,0.783002,0.960292,0.898088,0.984199,0.954187,0.755877,,,0,1,1.000000,late_loss_spike_epoch23,paired_seed_component,Reject this seed due instability and degraded SI,improvements/clustering/logs/epoch30/3_adaptive_row_sharing/adaptive_row_sharing_30_epoch_analysis.json
3,Adaptive row-level task sharing,30,adaptive_gated_hard_0p10,"42|43|44",3,aggregate,,0.964246,0.907656,0.982691,0.960892,0.779385,0.964427,0.900406,0.985613,0.960934,0.754671,0.008442,0.010488,1,3,0.666667,multi_seed_unstable,high,Reject as reliable 30-epoch method; two of three seeds unstable,improvements/clustering/logs/epoch30/3_adaptive_row_sharing/adaptive_row_sharing_30_epoch_analysis.json
3,Adaptive row-level task sharing,100,adaptive_all_rows_hard,42,1,single_run,90,0.978183,0.932787,0.985290,0.983053,0.830018,0.979538,0.925070,0.987710,0.984608,0.802893,,,1,1,0.000000,single_seed_stable,medium,Stable 100-epoch reference; requires more seeds,improvements/clustering/logs/epoch100/3_adaptive_row_sharing/adaptive_row_30_vs_100_epoch_summary.json
3,Adaptive row-level task sharing,100,adaptive_gated_hard_0p10,42,1,single_run,98,0.979586,0.934861,0.985143,0.985805,0.833635,0.980625,0.930273,0.988003,0.985456,0.817360,,,1,1,0.000000,single_seed_stable,medium,Highest 100-epoch seed-42 score but not reliable across seeds,improvements/clustering/logs/epoch100/3_adaptive_row_sharing/adaptive_row_30_vs_100_epoch_summary.json
4,Confidence-aware soft row sharing,30,soft_margin_0p05_to_0p20,42,1,per_seed,25,0.970747,0.919885,0.981171,0.973783,0.804702,0.973080,0.917448,0.984784,0.975518,0.792043,,,1,1,0.000000,stable,paired_seed_component,Best validation macro among seed-42 30-epoch row methods,improvements/clustering/logs/epoch30/4_row_soft_margin/soft_row_margin_30_epoch_analysis.json
4,Confidence-aware soft row sharing,30,soft_margin_0p05_to_0p20,43,1,per_seed,29,0.969835,0.914829,0.982495,0.971756,0.790235,0.974423,0.914998,0.986101,0.977700,0.781193,,,1,1,0.000000,stable,paired_seed_component,Stable; effectively tied with all-row hard,improvements/clustering/logs/epoch30/4_row_soft_margin/soft_row_margin_30_epoch_analysis.json
4,Confidence-aware soft row sharing,30,soft_margin_0p05_to_0p20,44,1,per_seed,26,0.970817,0.918284,0.983819,0.971756,0.799277,0.972249,0.911375,0.986101,0.974064,0.773960,,,1,1,0.000000,stable,paired_seed_component,Best validation macro among seed-44 row methods,improvements/clustering/logs/epoch30/4_row_soft_margin/soft_row_margin_30_epoch_analysis.json
4,Confidence-aware soft row sharing,30,soft_margin_0p05_to_0p20,"42|43|44",3,aggregate,,0.970466,0.917666,0.982495,0.972432,0.798071,0.973251,0.914607,0.985662,0.975761,0.782399,0.002584,0.003055,3,3,0.000000,multi_seed_stable,high,Current best macro-oriented stable method; gain over all-row is modest,improvements/clustering/logs/epoch30/4_row_soft_margin/soft_row_margin_30_epoch_analysis.json
4,Confidence-aware soft row sharing,100,soft_margin_0p05_to_0p20,42,1,single_run,99,0.979516,0.932599,0.986025,0.985371,0.826401,0.980370,0.928970,0.987710,0.985456,0.813743,,,1,1,0.000000,single_seed_stable,medium,Competitive and stable; below gated seed-42 validation winner,improvements/clustering/logs/epoch100/4_row_soft_margin/soft_row_margin_100_epoch_analysis.json
5,Gradient-clipping stabilization,30,soft_margin_clip1_all,42,1,single_run,29,0.973062,0.916508,0.984996,0.976101,0.788427,0.974487,0.906628,0.986540,0.979275,0.754069,,,1,1,0.000000,optimization_stable_forced_freeze,paired_single_seed,Reject clip=1.0 as default; macro and ER decreased and row freeze was forced,improvements/clustering/logs/epoch30/5_grad_clip/gradient_clipping_30_epoch_analysis.json
5,Gradient-clipping stabilization,30,soft_margin_clip1_layers_0_18,42,1,single_run,29,0.965837,0.900433,0.982642,0.966396,0.752260,0.967070,0.885599,0.985955,0.969216,0.701627,,,1,1,0.000000,optimizer_rescued_forced_freeze,paired_single_seed,Diagnostic only; prevented loss explosion but reduced macro and ER,improvements/clustering/logs/epoch30/5_grad_clip/gradient_clipping_30_epoch_analysis.json
5,Gradient-clipping stabilization,100,soft_margin_clip1_all,42,1,single_run,99,0.980498,0.934931,0.984554,0.988413,0.831826,0.981393,0.923464,0.988296,0.988244,0.793852,,,1,1,0.000000,optimization_stable_forced_freeze,paired_single_seed,Reject as default; small weighted gain but forced freeze and lower test macro,improvements/clustering/logs/epoch100/5_grad_clip/gradient_clipping_100_epoch_analysis.json
